{
    "notes":"cluster",
    "dataset":[
        {
            "name_filename":"md1/dataSet_name.npy",
            "distmatrix_filename":"md1/dataSet_dist.npy",
            "index_filename":"md1/dataSet_count.npy",
            "subset_index_filename":"md1/train_set_index.npy"
        }
    ],
    "parameters":[
        {
            "ncluster":5,
            "num_known_centroid":0,
            "known_centroid_name_list":[],
            "known_centroid_distmatrix_list":[],
            "known_centroid_index_list":[],
            "criteria":0.001
        }
    ]
}
