{
    "notes":"classify",
    "dataset":[
        {
            "name_filename":"md1/dataSet_name.npy",
            "distmatrix_filename":"md1/dataSet_dist.npy",
            "index_filename":"md1/dataSet_count.npy",
            "subset_index_filename":"md1/val_set_index.npy"
        }
    ],
    "parameters":[
        {
            "ncluster":10,
            "num_known_centroid":10,
            "known_centroid_name_list": ["01_centroidList/name0.npy", "01_centroidList/name1.npy", "01_centroidList/name2.npy", "01_centroidList/name3.npy", "01_centroidList/name4.npy","03_centroidList/name0.npy", "03_centroidList/name1.npy", "03_centroidList/name2.npy", "03_centroidList/name3.npy", "03_centroidList/name4.npy"], 
            "known_centroid_distmatrix_list": ["01_centroidList/dist0.npy", "01_centroidList/dist1.npy", "01_centroidList/dist2.npy", "01_centroidList/dist3.npy", "01_centroidList/dist4.npy","03_centroidList/dist0.npy", "03_centroidList/dist1.npy", "03_centroidList/dist2.npy", "03_centroidList/dist3.npy", "03_centroidList/dist4.npy"], 
            "known_centroid_index_list": ["01_centroidList/index0.npy", "01_centroidList/index1.npy", "01_centroidList/index2.npy", "01_centroidList/index3.npy", "01_centroidList/index4.npy","03_centroidList/index0.npy", "03_centroidList/index1.npy", "03_centroidList/index2.npy", "03_centroidList/index3.npy", "03_centroidList/index4.npy"],
            "criteria":0.001
        }
    ]
}
