{
    "notes":"semicluster",
    "dataset":[
        {
            "name_filename":"md2/dataSet_name.npy",
            "distmatrix_filename":"md2/dataSet_dist.npy",
            "index_filename":"md2/dataSet_count.npy",
            "subset_index_filename":"md2/train_set_index.npy"
        }
    ],
    "parameters":[
        {
            "ncluster":21,
            "num_known_centroid":20,
            "known_centroid_name_list": ["01_cList/name0.npy", "01_cList/name1.npy", "01_cList/name2.npy", "01_cList/name3.npy", "01_cList/name4.npy", "01_cList/name5.npy", "01_cList/name6.npy", "01_cList/name7.npy", "01_cList/name8.npy", "01_cList/name9.npy", "01_cList/name10.npy", "01_cList/name11.npy", "01_cList/name12.npy", "01_cList/name13.npy", "01_cList/name14.npy", "01_cList/name15.npy", "01_cList/name16.npy", "01_cList/name17.npy", "01_cList/name18.npy", "01_cList/name19.npy"], 
            "known_centroid_distmatrix_list": ["01_cList/dist0.npy", "01_cList/dist1.npy", "01_cList/dist2.npy", "01_cList/dist3.npy", "01_cList/dist4.npy", "01_cList/dist5.npy", "01_cList/dist6.npy", "01_cList/dist7.npy", "01_cList/dist8.npy", "01_cList/dist9.npy", "01_cList/dist10.npy", "01_cList/dist11.npy", "01_cList/dist12.npy", "01_cList/dist13.npy", "01_cList/dist14.npy", "01_cList/dist15.npy", "01_cList/dist16.npy", "01_cList/dist17.npy", "01_cList/dist18.npy", "01_cList/dist19.npy"], 
            "known_centroid_index_list": ["01_cList/index0.npy", "01_cList/index1.npy", "01_cList/index2.npy", "01_cList/index3.npy", "01_cList/index4.npy", "01_cList/index5.npy", "01_cList/index6.npy", "01_cList/index7.npy", "01_cList/index8.npy", "01_cList/index9.npy", "01_cList/index10.npy", "01_cList/index11.npy", "01_cList/index12.npy", "01_cList/index13.npy", "01_cList/index14.npy", "01_cList/index15.npy", "01_cList/index16.npy", "01_cList/index17.npy", "01_cList/index18.npy", "01_cList/index19.npy"], 
            "criteria":0.001
        }
    ]
}
