{
    "notes":"semicluster",
    "dataset":[
        {
            "name_filename":"md5/dataSet_name.npy",
            "distmatrix_filename":"md5/dataSet_dist.npy",
            "index_filename":"md5/dataSet_count.npy",
            "subset_index_filename":"md5/train_set_index.npy"
        }
    ],
    "parameters":[
        {
            "ncluster":91,
            "num_known_centroid":90,
            "known_centroid_name_list": ["01_cList/name0.npy", "01_cList/name1.npy", "01_cList/name2.npy", "01_cList/name3.npy", "01_cList/name4.npy", "01_cList/name5.npy", "01_cList/name6.npy", "01_cList/name7.npy", "01_cList/name8.npy", "01_cList/name9.npy", "01_cList/name10.npy", "01_cList/name11.npy",  "01_cList/name12.npy", "01_cList/name13.npy", "01_cList/name14.npy", "01_cList/name15.npy", "01_cList/name16.npy", "01_cList/name17.npy", "01_cList/name18.npy", "01_cList/name19.npy",
                "02_cList/name0.npy", "02_cList/name1.npy", "02_cList/name2.npy", "02_cList/name3.npy", "02_cList/name4.npy", "02_cList/name5.npy", "02_cList/name6.npy", "02_cList/name7.npy", "02_cList/name8.npy", "02_cList/name9.npy", "02_cList/name10.npy", "02_cList/name11.npy", "02_cList/name12.npy", "02_cList/name13.npy", "02_cList/name14.npy", "02_cList/name15.npy", "02_cList/name16.npy", "02_cList/name17.npy", "02_cList/name18.npy", "02_cList/name19.npy" , 
                "03_cList/name0.npy","03_cList/name1.npy", "03_cList/name2.npy", "03_cList/name3.npy", "03_cList/name4.npy", "03_cList/name5.npy", "03_cList/name6.npy", "03_cList/name7.npy", "03_cList/name8.npy", "03_cList/name9.npy", "03_cList/name10.npy", "03_cList/name11.npy", "03_cList/name12.npy", "03_cList/name13.npy", "03_cList/name14.npy", "03_cList/name15.npy", "03_cList/name16.npy", "03_cList/name17.npy", "03_cList/name18.npy", "03_cList/name19.npy" , 
                "04_cList/name0.npy","04_cList/name1.npy", "04_cList/name2.npy", "04_cList/name3.npy", "04_cList/name4.npy", "04_cList/name5.npy", "04_cList/name6.npy", "04_cList/name7.npy", "04_cList/name8.npy", "04_cList/name9.npy", "04_cList/name10.npy", "04_cList/name11.npy", "04_cList/name12.npy", "04_cList/name13.npy", "04_cList/name14.npy", "04_cList/name15.npy", "04_cList/name16.npy", "04_cList/name17.npy", "04_cList/name18.npy", "04_cList/name19.npy" , "04_cList/name20.npy", "04_cList/name21.npy", "04_cList/name22.npy", "04_cList/name23.npy", "04_cList/name24.npy", "04_cList/name25.npy", "04_cList/name26.npy", "04_cList/name27.npy", "04_cList/name28.npy", "04_cList/name29.npy"], 
            "known_centroid_distmatrix_list": ["01_cList/dist0.npy", "01_cList/dist1.npy", "01_cList/dist2.npy", "01_cList/dist3.npy", "01_cList/dist4.npy", "01_cList/dist5.npy", "01_cList/dist6.npy", "01_cList/dist7.npy", "01_cList/dist8.npy", "01_cList/dist9.npy", "01_cList/dist10.npy", "01_cList/dist11.npy",  "01_cList/dist12.npy", "01_cList/dist13.npy", "01_cList/dist14.npy", "01_cList/dist15.npy", "01_cList/dist16.npy", "01_cList/dist17.npy", "01_cList/dist18.npy", "01_cList/dist19.npy",
                "02_cList/dist0.npy", "02_cList/dist1.npy", "02_cList/dist2.npy", "02_cList/dist3.npy", "02_cList/dist4.npy", "02_cList/dist5.npy", "02_cList/dist6.npy", "02_cList/dist7.npy", "02_cList/dist8.npy", "02_cList/dist9.npy", "02_cList/dist10.npy", "02_cList/dist11.npy",  "02_cList/dist12.npy", "02_cList/dist13.npy", "02_cList/dist14.npy", "02_cList/dist15.npy", "02_cList/dist16.npy", "02_cList/dist17.npy", "02_cList/dist18.npy", "02_cList/dist19.npy" , 
                "03_cList/dist0.npy", "03_cList/dist1.npy", "03_cList/dist2.npy", "03_cList/dist3.npy", "03_cList/dist4.npy", "03_cList/dist5.npy", "03_cList/dist6.npy", "03_cList/dist7.npy", "03_cList/dist8.npy", "03_cList/dist9.npy", "03_cList/dist10.npy", "03_cList/dist11.npy",  "03_cList/dist12.npy", "03_cList/dist13.npy", "03_cList/dist14.npy", "03_cList/dist15.npy", "03_cList/dist16.npy", "03_cList/dist17.npy", "03_cList/dist18.npy", "03_cList/dist19.npy" , 
                "04_cList/dist0.npy", "04_cList/dist1.npy", "04_cList/dist2.npy", "04_cList/dist3.npy", "04_cList/dist4.npy", "04_cList/dist5.npy", "04_cList/dist6.npy", "04_cList/dist7.npy", "04_cList/dist8.npy", "04_cList/dist9.npy", "04_cList/dist10.npy", "04_cList/dist11.npy", "04_cList/dist12.npy", "04_cList/dist13.npy", "04_cList/dist14.npy", "04_cList/dist15.npy", "04_cList/dist16.npy", "04_cList/dist17.npy", "04_cList/dist18.npy", "04_cList/dist19.npy" , "04_cList/dist20.npy", "04_cList/dist21.npy", "04_cList/dist22.npy", "04_cList/dist23.npy", "04_cList/dist24.npy", "04_cList/dist25.npy", "04_cList/dist26.npy", "04_cList/dist27.npy", "04_cList/dist28.npy", "04_cList/dist29.npy"], 
            "known_centroid_index_list": ["01_cList/index0.npy", "01_cList/index1.npy", "01_cList/index2.npy", "01_cList/index3.npy", "01_cList/index4.npy", "01_cList/index5.npy", "01_cList/index6.npy", "01_cList/index7.npy", "01_cList/index8.npy", "01_cList/index9.npy", "01_cList/index10.npy", "01_cList/index11.npy", "01_cList/index12.npy", "01_cList/index13.npy", "01_cList/index14.npy", "01_cList/index15.npy", "01_cList/index16.npy", "01_cList/index17.npy", "01_cList/index18.npy", "01_cList/index19.npy", 
                "02_cList/index0.npy", "02_cList/index1.npy", "02_cList/index2.npy", "02_cList/index3.npy", "02_cList/index4.npy", "02_cList/index5.npy", "02_cList/index6.npy", "02_cList/index7.npy", "02_cList/index8.npy", "02_cList/index9.npy", "02_cList/index10.npy", "02_cList/index11.npy",  "02_cList/index12.npy", "02_cList/index13.npy", "02_cList/index14.npy", "02_cList/index15.npy", "02_cList/index16.npy", "02_cList/index17.npy", "02_cList/index18.npy", "02_cList/index19.npy" , 
                "03_cList/index0.npy", "03_cList/index1.npy", "03_cList/index2.npy", "03_cList/index3.npy", "03_cList/index4.npy", "03_cList/index5.npy", "03_cList/index6.npy", "03_cList/index7.npy", "03_cList/index8.npy", "03_cList/index9.npy", "03_cList/index10.npy", "03_cList/index11.npy",  "03_cList/index12.npy", "03_cList/index13.npy", "03_cList/index14.npy", "03_cList/index15.npy", "03_cList/index16.npy", "03_cList/index17.npy", "03_cList/index18.npy", "03_cList/index19.npy" , 
                "04_cList/index0.npy", "04_cList/index1.npy", "04_cList/index2.npy", "04_cList/index3.npy", "04_cList/index4.npy", "04_cList/index5.npy", "04_cList/index6.npy", "04_cList/index7.npy", "04_cList/index8.npy", "04_cList/index9.npy", "04_cList/index10.npy", "04_cList/index11.npy", "04_cList/index12.npy", "04_cList/index13.npy", "04_cList/index14.npy", "04_cList/index15.npy", "04_cList/index16.npy", "04_cList/index17.npy", "04_cList/index18.npy", "04_cList/index19.npy" , "04_cList/index20.npy", "04_cList/index21.npy", "04_cList/index22.npy", "04_cList/index23.npy", "04_cList/index24.npy", "04_cList/index25.npy", "04_cList/index26.npy", "04_cList/index27.npy", "04_cList/index28.npy", "04_cList/index29.npy"], 
            "criteria":0.001
        }
    ]
}


