{
    "notes":"semicluster",
    "dataset":[
        {
            "name_filename":"md6/dataSet_name.npy",
            "distmatrix_filename":"md6/dataSet_dist.npy",
            "index_filename":"md6/dataSet_count.npy",
            "subset_index_filename":"md6/train_set_index.npy"
        }
    ],
    "parameters":[
        {
            "ncluster":141,
            "num_known_centroid":140,
            "known_centroid_name_list": ["01_cList/name0.npy", "01_cList/name1.npy", "01_cList/name2.npy", "01_cList/name3.npy", "01_cList/name4.npy", "01_cList/name5.npy", "01_cList/name6.npy", "01_cList/name7.npy", "01_cList/name8.npy", "01_cList/name9.npy", "01_cList/name10.npy", "01_cList/name11.npy",  "01_cList/name12.npy", "01_cList/name13.npy", "01_cList/name14.npy", "01_cList/name15.npy", "01_cList/name16.npy", "01_cList/name17.npy", "01_cList/name18.npy", "01_cList/name19.npy",
                "02_cList/name0.npy", "02_cList/name1.npy", "02_cList/name2.npy", "02_cList/name3.npy", "02_cList/name4.npy", "02_cList/name5.npy", "02_cList/name6.npy", "02_cList/name7.npy", "02_cList/name8.npy", "02_cList/name9.npy", "02_cList/name10.npy", "02_cList/name11.npy", "02_cList/name12.npy", "02_cList/name13.npy", "02_cList/name14.npy", "02_cList/name15.npy", "02_cList/name16.npy", "02_cList/name17.npy", "02_cList/name18.npy", "02_cList/name19.npy" , 
                "03_cList/name0.npy", "03_cList/name1.npy", "03_cList/name2.npy", "03_cList/name3.npy", "03_cList/name4.npy", "03_cList/name5.npy", "03_cList/name6.npy", "03_cList/name7.npy", "03_cList/name8.npy", "03_cList/name9.npy", "03_cList/name10.npy", "03_cList/name11.npy", "03_cList/name12.npy", "03_cList/name13.npy", "03_cList/name14.npy", "03_cList/name15.npy", "03_cList/name16.npy", "03_cList/name17.npy", "03_cList/name18.npy", "03_cList/name19.npy" , 
                "04_cList/name0.npy", "04_cList/name1.npy", "04_cList/name2.npy", "04_cList/name3.npy", "04_cList/name4.npy", "04_cList/name5.npy", "04_cList/name6.npy", "04_cList/name7.npy", "04_cList/name8.npy", "04_cList/name9.npy", "04_cList/name10.npy", "04_cList/name11.npy", "04_cList/name12.npy", "04_cList/name13.npy", "04_cList/name14.npy", "04_cList/name15.npy", "04_cList/name16.npy", "04_cList/name17.npy", "04_cList/name18.npy", "04_cList/name19.npy" , "04_cList/name20.npy", "04_cList/name21.npy", "04_cList/name22.npy", "04_cList/name23.npy", "04_cList/name24.npy", "04_cList/name25.npy", "04_cList/name26.npy", "04_cList/name27.npy", "04_cList/name28.npy", "04_cList/name29.npy", 
                "05_cList/name0.npy", "05_cList/name1.npy", "05_cList/name2.npy", "05_cList/name3.npy", "05_cList/name4.npy", "05_cList/name5.npy", "05_cList/name6.npy", "05_cList/name7.npy", "05_cList/name8.npy", "05_cList/name9.npy", "05_cList/name10.npy", "05_cList/name11.npy", "05_cList/name12.npy", "05_cList/name13.npy", "05_cList/name14.npy", "05_cList/name15.npy", "05_cList/name16.npy", "05_cList/name17.npy", "05_cList/name18.npy", "05_cList/name19.npy" , "05_cList/name20.npy", "05_cList/name21.npy", "05_cList/name22.npy", "05_cList/name23.npy", "05_cList/name24.npy", "05_cList/name25.npy", "05_cList/name26.npy", "05_cList/name27.npy", "05_cList/name28.npy", "05_cList/name29.npy", "05_cList/name30.npy", "05_cList/name31.npy", "05_cList/name32.npy", "05_cList/name33.npy", "05_cList/name34.npy", "05_cList/name35.npy", "05_cList/name36.npy", "05_cList/name37.npy", "05_cList/name38.npy", "05_cList/name39.npy", "05_cList/name40.npy", "05_cList/name41.npy", "05_cList/name42.npy", "05_cList/name43.npy", "05_cList/name44.npy", "05_cList/name45.npy", "05_cList/name46.npy", "05_cList/name47.npy", "05_cList/name48.npy", "05_cList/name49.npy"], 
            "known_centroid_distmatrix_list": ["01_cList/dist0.npy", "01_cList/dist1.npy", "01_cList/dist2.npy", "01_cList/dist3.npy", "01_cList/dist4.npy", "01_cList/dist5.npy", "01_cList/dist6.npy", "01_cList/dist7.npy", "01_cList/dist8.npy", "01_cList/dist9.npy", "01_cList/dist10.npy", "01_cList/dist11.npy",  "01_cList/dist12.npy", "01_cList/dist13.npy", "01_cList/dist14.npy", "01_cList/dist15.npy", "01_cList/dist16.npy", "01_cList/dist17.npy", "01_cList/dist18.npy", "01_cList/dist19.npy",
                "02_cList/dist0.npy", "02_cList/dist1.npy", "02_cList/dist2.npy", "02_cList/dist3.npy", "02_cList/dist4.npy", "02_cList/dist5.npy", "02_cList/dist6.npy", "02_cList/dist7.npy", "02_cList/dist8.npy", "02_cList/dist9.npy", "02_cList/dist10.npy", "02_cList/dist11.npy",  "02_cList/dist12.npy", "02_cList/dist13.npy", "02_cList/dist14.npy", "02_cList/dist15.npy", "02_cList/dist16.npy", "02_cList/dist17.npy", "02_cList/dist18.npy", "02_cList/dist19.npy" , 
                "03_cList/dist0.npy", "03_cList/dist1.npy", "03_cList/dist2.npy", "03_cList/dist3.npy", "03_cList/dist4.npy", "03_cList/dist5.npy", "03_cList/dist6.npy", "03_cList/dist7.npy", "03_cList/dist8.npy", "03_cList/dist9.npy", "03_cList/dist10.npy", "03_cList/dist11.npy",  "03_cList/dist12.npy", "03_cList/dist13.npy", "03_cList/dist14.npy", "03_cList/dist15.npy", "03_cList/dist16.npy", "03_cList/dist17.npy", "03_cList/dist18.npy", "03_cList/dist19.npy" , 
                "04_cList/dist0.npy", "04_cList/dist1.npy", "04_cList/dist2.npy", "04_cList/dist3.npy", "04_cList/dist4.npy", "04_cList/dist5.npy", "04_cList/dist6.npy", "04_cList/dist7.npy", "04_cList/dist8.npy", "04_cList/dist9.npy", "04_cList/dist10.npy", "04_cList/dist11.npy", "04_cList/dist12.npy", "04_cList/dist13.npy", "04_cList/dist14.npy", "04_cList/dist15.npy", "04_cList/dist16.npy", "04_cList/dist17.npy", "04_cList/dist18.npy", "04_cList/dist19.npy" , "04_cList/dist20.npy", "04_cList/dist21.npy", "04_cList/dist22.npy", "04_cList/dist23.npy", "04_cList/dist24.npy", "04_cList/dist25.npy", "04_cList/dist26.npy", "04_cList/dist27.npy", "04_cList/dist28.npy", "04_cList/dist29.npy", 
                "05_cList/dist0.npy", "05_cList/dist1.npy", "05_cList/dist2.npy", "05_cList/dist3.npy", "05_cList/dist4.npy", "05_cList/dist5.npy", "05_cList/dist6.npy", "05_cList/dist7.npy", "05_cList/dist8.npy", "05_cList/dist9.npy", "05_cList/dist10.npy", "05_cList/dist11.npy", "05_cList/dist12.npy", "05_cList/dist13.npy", "05_cList/dist14.npy", "05_cList/dist15.npy", "05_cList/dist16.npy", "05_cList/dist17.npy", "05_cList/dist18.npy", "05_cList/dist19.npy" , "05_cList/dist20.npy", "05_cList/dist21.npy", "05_cList/dist22.npy", "05_cList/dist23.npy", "05_cList/dist24.npy", "05_cList/dist25.npy", "05_cList/dist26.npy", "05_cList/dist27.npy", "05_cList/dist28.npy", "05_cList/dist29.npy", "05_cList/dist30.npy", "05_cList/dist31.npy", "05_cList/dist32.npy", "05_cList/dist33.npy", "05_cList/dist34.npy", "05_cList/dist35.npy", "05_cList/dist36.npy", "05_cList/dist37.npy", "05_cList/dist38.npy", "05_cList/dist39.npy", "05_cList/dist40.npy", "05_cList/dist41.npy", "05_cList/dist42.npy", "05_cList/dist43.npy", "05_cList/dist44.npy", "05_cList/dist45.npy", "05_cList/dist46.npy", "05_cList/dist47.npy", "05_cList/dist48.npy", "05_cList/dist49.npy"], 
            "known_centroid_index_list": ["01_cList/index0.npy", "01_cList/index1.npy", "01_cList/index2.npy", "01_cList/index3.npy", "01_cList/index4.npy", "01_cList/index5.npy", "01_cList/index6.npy", "01_cList/index7.npy", "01_cList/index8.npy", "01_cList/index9.npy", "01_cList/index10.npy", "01_cList/index11.npy", "01_cList/index12.npy", "01_cList/index13.npy", "01_cList/index14.npy", "01_cList/index15.npy", "01_cList/index16.npy", "01_cList/index17.npy", "01_cList/index18.npy", "01_cList/index19.npy", 
                "02_cList/index0.npy", "02_cList/index1.npy", "02_cList/index2.npy", "02_cList/index3.npy", "02_cList/index4.npy", "02_cList/index5.npy", "02_cList/index6.npy", "02_cList/index7.npy", "02_cList/index8.npy", "02_cList/index9.npy", "02_cList/index10.npy", "02_cList/index11.npy",  "02_cList/index12.npy", "02_cList/index13.npy", "02_cList/index14.npy", "02_cList/index15.npy", "02_cList/index16.npy", "02_cList/index17.npy", "02_cList/index18.npy", "02_cList/index19.npy" , 
                "03_cList/index0.npy", "03_cList/index1.npy", "03_cList/index2.npy", "03_cList/index3.npy", "03_cList/index4.npy", "03_cList/index5.npy", "03_cList/index6.npy", "03_cList/index7.npy", "03_cList/index8.npy", "03_cList/index9.npy", "03_cList/index10.npy", "03_cList/index11.npy",  "03_cList/index12.npy", "03_cList/index13.npy", "03_cList/index14.npy", "03_cList/index15.npy", "03_cList/index16.npy", "03_cList/index17.npy", "03_cList/index18.npy", "03_cList/index19.npy" , 
                "04_cList/index0.npy", "04_cList/index1.npy", "04_cList/index2.npy", "04_cList/index3.npy", "04_cList/index4.npy", "04_cList/index5.npy", "04_cList/index6.npy", "04_cList/index7.npy", "04_cList/index8.npy", "04_cList/index9.npy", "04_cList/index10.npy", "04_cList/index11.npy", "04_cList/index12.npy", "04_cList/index13.npy", "04_cList/index14.npy", "04_cList/index15.npy", "04_cList/index16.npy", "04_cList/index17.npy", "04_cList/index18.npy", "04_cList/index19.npy" , "04_cList/index20.npy", "04_cList/index21.npy", "04_cList/index22.npy", "04_cList/index23.npy", "04_cList/index24.npy", "04_cList/index25.npy", "04_cList/index26.npy", "04_cList/index27.npy", "04_cList/index28.npy", "04_cList/index29.npy", 
                "05_cList/index0.npy", "05_cList/index1.npy", "05_cList/index2.npy", "05_cList/index3.npy", "05_cList/index4.npy", "05_cList/index5.npy", "05_cList/index6.npy", "05_cList/index7.npy", "05_cList/index8.npy", "05_cList/index9.npy", "05_cList/index10.npy", "05_cList/index11.npy", "05_cList/index12.npy", "05_cList/index13.npy", "05_cList/index14.npy", "05_cList/index15.npy", "05_cList/index16.npy", "05_cList/index17.npy", "05_cList/index18.npy", "05_cList/index19.npy" , "05_cList/index20.npy", "05_cList/index21.npy", "05_cList/index22.npy", "05_cList/index23.npy", "05_cList/index24.npy", "05_cList/index25.npy", "05_cList/index26.npy", "05_cList/index27.npy", "05_cList/index28.npy", "05_cList/index29.npy", "05_cList/index30.npy", "05_cList/index31.npy", "05_cList/index32.npy", "05_cList/index33.npy", "05_cList/index34.npy", "05_cList/index35.npy", "05_cList/index36.npy", "05_cList/index37.npy", "05_cList/index38.npy", "05_cList/index39.npy", "05_cList/index40.npy", "05_cList/index41.npy", "05_cList/index42.npy", "05_cList/index43.npy", "05_cList/index44.npy", "05_cList/index45.npy", "05_cList/index46.npy", "05_cList/index47.npy", "05_cList/index48.npy", "05_cList/index49.npy"], 
            "criteria":0.001
        }
    ]
}


