{
    "notes":"subsetcluster",
    "dataset":[
        {
            "name_filename":"md6/dataSet_name.npy",
            "distmatrix_filename":"md6/dataSet_dist.npy",
            "index_filename":"md6/dataSet_count.npy",
            "subset_index_filename":"06-1_cPoints/index140.npy"
        }
    ],
    "parameters":[
        {
            "ncluster":10,
            "num_known_centroid":0,
            "known_centroid_name_list": [],
            "known_centroid_distmatrix_list": [],
            "known_centroid_index_list": [],
            "criteria":0.001
        }
    ]
}
